client_code,product,confidence,expected_benefit,cluster_description,push_notification
1,Кредит наличными,0.9713694830914434,46855.000242412716,премиальные клиенты,"Айгерим, ваш статус 92,643 ₸ открывает особые кредитные лимиты. Привилегированные условия кредитования!"
2,Кредитная карта,0.9288825165175002,47016.434411875154,активные потребители,"Данияр, ваш активный образ жизни заслуживает большего. Кредитка: 47,291 ₸ кешбэка + удобное управление!"
3,Кредит наличными,0.9087523405259402,48814.62184029106,экономные клиенты,"Сабина, выгодный кредит без скрытых комиссий! Разумное решение — получите наличные под 63,116 ₸ залога. Проверить лимит."
4,Кредит наличными,0.9602909406750072,48174.70349168648,премиальные клиенты,"Тимур, ваш статус 83,351 ₸ открывает особые кредитные лимиты. Привилегированные условия кредитования!"
5,Кредитная карта,0.9471674568325581,53286.8427404734,активные потребители,"Камилла, больше свободы в тратах! Кредитная карта для активных: 53,994 ₸ возврата + мгновенные уведомления."
6,Кредит наличными,0.9755361299988323,47267.471417339046,премиальные клиенты,"Аян, эксклюзивные условия кредитования для вашего статуса. Премиальные ставки + персональный менеджер."
7,Премиальная карта,0.9546978001502227,80176.0953989473,семейные клиенты,"Руслан, стабильность для семьи. Баланс 4,040,997 ₸ + премиальная карта = 17,988 ₸ дополнительного дохода!"
8,Кредитная карта,0.9629846371325135,51437.51388443262,активные потребители,"Мадина, ваш активный образ жизни заслуживает большего. Кредитка: 51,867 ₸ кешбэка + удобное управление!"
9,Премиальная карта,0.8072714679749577,78961.29985642344,семейные клиенты,"Арман, забота о семье начинается с разумных решений. Семейная премиум-карта: 16,735 ₸ для семейного бюджета!"
10,Кредитная карта,0.9615762081613042,41925.074095636795,активные потребители,"Карина, больше свободы в тратах! Кредитная карта для активных: 43,793 ₸ возврата + мгновенные уведомления."
11,Премиальная карта,0.9698234116290966,88647.91709856638,семейные клиенты,"Бауржан, стабильность для семьи. Баланс 3,230,572 ₸ + премиальная карта = 16,747 ₸ дополнительного дохода!"
12,Кредитная карта,0.972207321801634,42491.283221022466,активные потребители,"Жанар, больше свободы в тратах! Кредитная карта для активных: 43,388 ₸ возврата + мгновенные уведомления."
13,Кредитная карта,0.6110625562652989,46972.35360149141,экономные клиенты,"Алина, выгодно и практично! Траты Общие траты, Онлайн-сервисы, Рестораны = возврат 56,637 ₸. Без скрытых комиссий!"
14,Кредит наличными,0.9309741423351928,57309.3062691403,высокодоходные инвесторы,"Диас, финансовое планирование требует гибкости. Кредит под залог портфеля — сохраните инвестиции!"
15,Кредит наличными,0.9285081907551485,47874.358946316905,высокодоходные инвесторы,"Нурия, финансовое планирование требует гибкости. Кредит под залог портфеля — сохраните инвестиции!"
16,Кредитная карта,0.8736967722350532,55323.265406399565,экономные клиенты,"Ерасыл, выгодно и практично! Траты Общие траты, Онлайн-сервисы, Рестораны = возврат 57,481 ₸. Без скрытых комиссий!"
17,Кредит наличными,0.9467054651517902,48495.30096090272,высокодоходные инвесторы,"Жанель, оптимизируйте ликвидность! Кредитное плечо для инвестиционных возможностей. Гибкие условия возврата."
18,Кредит наличными,0.9562264958906533,50071.888726495585,высокодоходные инвесторы,"Санжар, финансовое планирование требует гибкости. Кредит под залог портфеля — сохраните инвестиции!"
19,Обмен валют,0.9168162037031176,49358.78426246966,высокодоходные инвесторы,"Азамат, максимизируйте валютную доходность! Инвестиционные курсы USD/EUR + аналитика рынков."
20,Обмен валют,0.9409236732761992,44098.641921487186,высокодоходные инвесторы,"Анель, максимизируйте валютную доходность! Инвестиционные курсы USD/EUR + аналитика рынков."
21,Обмен валют,0.9061223688819983,49360.91251865111,активные потребители,"Павел, мгновенный обмен USD/EUR для активных! Операции 10,084,459 ₸ по лучшему курсу + быстрые переводы."
22,Обмен валют,0.9362994069075684,43519.05658473589,высокодоходные инвесторы,"Аружан, максимизируйте валютную доходность! Инвестиционные курсы USD/EUR + аналитика рынков."
23,Обмен валют,0.5466600535448223,46254.15850262229,высокодоходные инвесторы,"Темирлан, максимизируйте валютную доходность! Инвестиционные курсы USD/EUR + аналитика рынков."
24,Обмен валют,0.9302323208327705,48410.14166736631,высокодоходные инвесторы,"Гульмира, максимизируйте валютную доходность! Инвестиционные курсы USD/EUR + аналитика рынков."
25,Кредит наличными,0.9602907415629593,50777.93807159699,высокодоходные инвесторы,"Адиль, оптимизируйте ликвидность! Кредитное плечо для инвестиционных возможностей. Гибкие условия возврата."
26,Кредит наличными,0.9646970363465857,49327.91461633504,премиальные клиенты,"Маржан, эксклюзивные условия кредитования для вашего статуса. Премиальные ставки + персональный менеджер."
27,Кредит наличными,0.9335050342857893,49053.465462888125,премиальные клиенты,"Нурсултан, ваш статус 70,858 ₸ открывает особые кредитные лимиты. Привилегированные условия кредитования!"
28,Кредит наличными,0.9618325736190911,48760.47068974168,премиальные клиенты,"Алтынай, ваш статус 150,281 ₸ открывает особые кредитные лимиты. Привилегированные условия кредитования!"
29,Кредит наличными,0.9353800976306375,48880.86129671478,премиальные клиенты,"Сая, эксклюзивные условия кредитования для вашего статуса. Премиальные ставки + персональный менеджер."
30,Кредит наличными,0.9484397403469396,50264.055524255076,премиальные клиенты,"Ербол, эксклюзивные условия кредитования для вашего статуса. Премиальные ставки + персональный менеджер."
31,Кредитная карта,0.9734250052693827,48164.903892162336,активные потребители,"Дамир, больше свободы в тратах! Кредитная карта для активных: 47,432 ₸ возврата + мгновенные уведомления."
32,Премиальная карта,0.9805735572831793,86703.45813655875,семейные клиенты,"Алия, стабильность для семьи. Баланс 2,317,160 ₸ + премиальная карта = 47,109 ₸ дополнительного дохода!"
33,Кредитная карта,0.9734220816188592,49963.547672270724,активные потребители,"Мерей, ваш активный образ жизни заслуживает большего. Кредитка: 50,537 ₸ кешбэка + удобное управление!"
34,Депозит сберегательный,0.7424662655140188,17286.36362267169,молодые профессионалы,"Инкар, инвестируйте в стабильное будущее! Депозит для профессионалов — начните формировать капитал сегодня."
35,Премиальная карта,0.9300427112848141,86836.70127297033,семейные клиенты,"Самат, забота о семье начинается с разумных решений. Семейная премиум-карта: 44,326 ₸ для семейного бюджета!"
36,Кредитная карта,0.8999988852188118,53198.13306202914,активные потребители,"Назым, ваш активный образ жизни заслуживает большего. Кредитка: 54,788 ₸ кешбэка + удобное управление!"
37,Кредитная карта,0.9525455755277669,43072.84124629651,активные потребители,"Гульнар, больше свободы в тратах! Кредитная карта для активных: 53,061 ₸ возврата + мгновенные уведомления."
38,Премиальная карта,0.9620176378622494,88807.50856344291,семейные клиенты,"Серик, забота о семье начинается с разумных решений. Семейная премиум-карта: 42,477 ₸ для семейного бюджета!"
39,Кредитная карта,0.944432621175887,52337.94489050477,активные потребители,"Ляззат, больше свободы в тратах! Кредитная карта для активных: 56,170 ₸ возврата + мгновенные уведомления."
40,Кредит наличными,0.9600423960363758,48063.179037163005,высокодоходные инвесторы,"Асхат, финансовое планирование требует гибкости. Кредит под залог портфеля — сохраните инвестиции!"
41,Кредитная карта,0.9345250544346569,43780.324778077156,активные потребители,"Сандугаш, ваш активный образ жизни заслуживает большего. Кредитка: 43,869 ₸ кешбэка + удобное управление!"
42,Премиальная карта,0.9618824670648249,94004.84410441242,семейные клиенты,"Рустем, стабильность для семьи. Баланс 2,948,028 ₸ + премиальная карта = 47,783 ₸ дополнительного дохода!"
43,Кредит наличными,0.9679223142928077,48568.53479140587,высокодоходные инвесторы,"Нуртас, оптимизируйте ликвидность! Кредитное плечо для инвестиционных возможностей. Гибкие условия возврата."
44,Кредит наличными,0.9704967147467787,49926.34203152959,высокодоходные инвесторы,"Айнагуль, финансовое планирование требует гибкости. Кредит под залог портфеля — сохраните инвестиции!"
45,Депозит сберегательный,0.8264225129338479,11715.862408036615,молодые профессионалы,"Диана, современный подход к накоплениям! Цифровой депозит с высокой доходностью + мобильное управление."
46,Кредит наличными,0.9843305458709501,50476.616913403035,высокодоходные инвесторы,"Арсен, финансовое планирование требует гибкости. Кредит под залог портфеля — сохраните инвестиции!"
47,Кредит наличными,0.96468119232951,44436.9086461961,премиальные клиенты,"Камшат, ваш статус 79,592 ₸ открывает особые кредитные лимиты. Привилегированные условия кредитования!"
48,Кредит наличными,0.9731550762834325,50381.887952502664,высокодоходные инвесторы,"Ержан, финансовое планирование требует гибкости. Кредит под залог портфеля — сохраните инвестиции!"
49,Премиальная карта,0.8782419465236135,43131.406775812524,активные потребители,"Амина, больше возможностей с премиальной картой! Траты в ресторанах 603,793 ₸ = возврат 24,152 ₸!"
50,Премиальная карта,0.9570002754159457,87889.456178138,семейные клиенты,"Тимурлан, стабильность для семьи. Баланс 3,573,697 ₸ + премиальная карта = 38,459 ₸ дополнительного дохода!"
51,Кредитная карта,0.9655130512689439,55528.83323863248,активные потребители,"Жанат, ваш активный образ жизни заслуживает большего. Кредитка: 56,026 ₸ кешбэка + удобное управление!"
52,Премиальная карта,0.9533020829489584,86048.53963202563,семейные клиенты,"Милана, стабильность для семьи. Баланс 3,418,709 ₸ + премиальная карта = 37,623 ₸ дополнительного дохода!"
53,Кредитная карта,0.9682465939435234,51864.79111512206,активные потребители,"Расул, ваш активный образ жизни заслуживает большего. Кредитка: 50,095 ₸ кешбэка + удобное управление!"
54,Премиальная карта,0.946134307775579,107707.07840245696,семейные клиенты,"Виктория, забота о семье начинается с разумных решений. Семейная премиум-карта: 46,450 ₸ для семейного бюджета!"
55,Премиальная карта,0.9652687995239881,84466.5581422002,семейные клиенты,"Асель, стабильность для семьи. Баланс 3,504,443 ₸ + премиальная карта = 34,105 ₸ дополнительного дохода!"
56,Кредитная карта,0.8446892174204041,48234.3485550652,премиальные клиенты,"Нуркен, премиальные условия кредитования. Траты 2,738,667 ₸ = возврат 50,788 ₸ + особые привилегии!"
57,Премиальная карта,0.972532075032991,89361.09187835429,семейные клиенты,"Жания, забота о семье начинается с разумных решений. Семейная премиум-карта: 42,614 ₸ для семейного бюджета!"
58,Кредит наличными,0.9073277494111563,42637.49579118589,высокодоходные инвесторы,"Султан, оптимизируйте ликвидность! Кредитное плечо для инвестиционных возможностей. Гибкие условия возврата."
59,Премиальная карта,0.9648614719347371,91441.11850385561,семейные клиенты,"Динара, стабильность для семьи. Баланс 4,427,461 ₸ + премиальная карта = 37,951 ₸ дополнительного дохода!"
60,Кредит наличными,0.9318753537915386,48890.89863759795,высокодоходные инвесторы,"Ермек, оптимизируйте ликвидность! Кредитное плечо для инвестиционных возможностей. Гибкие условия возврата."
